rank_title,google_absolute_volume,google_surge_ratio,naver_trend_sum,naver_daily_ratio,naver_growth_slope
sk하이닉스,5000.0,300.0,307.35,"[{'period': '2026-02-17', 'ratio': 9.14106}, {'period': '2026-02-18', 'ratio': 9.26385}, {'period': '2026-02-19', 'ratio': 73.54393}, {'period': '2026-02-20', 'ratio': 100}, {'period': '2026-02-21', 'ratio': 16.54951}, {'period': '2026-02-22', 'ratio': 13.01198}, {'period': '2026-02-23', 'ratio': 85.84095}]",6.45
줌,1000.0,100.0,5.06,"[{'period': '2026-02-17', 'ratio': 0.23275}, {'period': '2026-02-18', 'ratio': 0.35204}, {'period': '2026-02-19', 'ratio': 0.9924}, {'period': '2026-02-20', 'ratio': 1.07594}, {'period': '2026-02-21', 'ratio': 0.47366}, {'period': '2026-02-22', 'ratio': 0.52728}, {'period': '2026-02-23', 'ratio': 1.41089}]",0.12
김인호,10000.0,700.0,49.66,"[{'period': '2026-02-17', 'ratio': 0.18495}, {'period': '2026-02-18', 'ratio': 0.1461}, {'period': '2026-02-19', 'ratio': 0.23236}, {'period': '2026-02-20', 'ratio': 0.21332}, {'period': '2026-02-21', 'ratio': 33.93017}, {'period': '2026-02-22', 'ratio': 8.82788}, {'period': '2026-02-23', 'ratio': 6.12539}]",2.46
비트코인,5000.0,200.0,349.12,"[{'period': '2026-02-17', 'ratio': 39.28814}, {'period': '2026-02-18', 'ratio': 44.12776}, {'period': '2026-02-19', 'ratio': 61.05923}, {'period': '2026-02-20', 'ratio': 53.23424}, {'period': '2026-02-21', 'ratio': 37.15257}, {'period': '2026-02-22', 'ratio': 31.16551}, {'period': '2026-02-23', 'ratio': 83.08872}]",2.91
엔화,100.0,100.0,98.47,"[{'period': '2026-02-17', 'ratio': 9.68933}, {'period': '2026-02-18', 'ratio': 10.64133}, {'period': '2026-02-19', 'ratio': 22.4099}, {'period': '2026-02-20', 'ratio': 19.30718}, {'period': '2026-02-21', 'ratio': 9.55916}, {'period': '2026-02-22', 'ratio': 8.79718}, {'period': '2026-02-23', 'ratio': 18.06842}]",0.31
한국투자증권,500.0,100.0,79.6,"[{'period': '2026-02-17', 'ratio': 3.87}, {'period': '2026-02-18', 'ratio': 5.20354}, {'period': '2026-02-19', 'ratio': 19.10746}, {'period': '2026-02-20', 'ratio': 17.17904}, {'period': '2026-02-21', 'ratio': 5.60525}, {'period': '2026-02-22', 'ratio': 6.19025}, {'period': '2026-02-23', 'ratio': 22.44185}]",1.58
기상청,1000.0,100.0,275.11,"[{'period': '2026-02-17', 'ratio': 20.16112}, {'period': '2026-02-18', 'ratio': 25.85966}, {'period': '2026-02-19', 'ratio': 33.23967}, {'period': '2026-02-20', 'ratio': 35.91992}, {'period': '2026-02-21', 'ratio': 40.12468}, {'period': '2026-02-22', 'ratio': 55.8714}, {'period': '2026-02-23', 'ratio': 63.93629}]",7.08
케이뱅크 공모주,2000.0,300.0,281.55,"[{'period': '2026-02-17', 'ratio': 3.36073}, {'period': '2026-02-18', 'ratio': 6.77854}, {'period': '2026-02-19', 'ratio': 38.70443}, {'period': '2026-02-20', 'ratio': 100}, {'period': '2026-02-21', 'ratio': 19.71002}, {'period': '2026-02-22', 'ratio': 17.72782}, {'period': '2026-02-23', 'ratio': 95.26511}]",9.95
근로장려금,100.0,100.0,70.99,"[{'period': '2026-02-17', 'ratio': 7.16817}, {'period': '2026-02-18', 'ratio': 6.64683}, {'period': '2026-02-19', 'ratio': 9.35123}, {'period': '2026-02-20', 'ratio': 10.05367}, {'period': '2026-02-21', 'ratio': 9.15037}, {'period': '2026-02-22', 'ratio': 10.7583}, {'period': '2026-02-23', 'ratio': 17.86502}]",1.43
에스팀,1000.0,300.0,101.95,"[{'period': '2026-02-17', 'ratio': 1.39609}, {'period': '2026-02-18', 'ratio': 2.25329}, {'period': '2026-02-19', 'ratio': 8.83208}, {'period': '2026-02-20', 'ratio': 15.85099}, {'period': '2026-02-21', 'ratio': 6.29122}, {'period': '2026-02-22', 'ratio': 7.85305}, {'period': '2026-02-23', 'ratio': 59.47141}]",6.53
액스비스,100.0,100.0,165.41,"[{'period': '2026-02-17', 'ratio': 2.26501}, {'period': '2026-02-18', 'ratio': 3.66312}, {'period': '2026-02-19', 'ratio': 20.58617}, {'period': '2026-02-20', 'ratio': 27.05289}, {'period': '2026-02-21', 'ratio': 10.93035}, {'period': '2026-02-22', 'ratio': 14.44038}, {'period': '2026-02-23', 'ratio': 86.47631}]",9.45
신영자,1000.0,300.0,104.36,"[{'period': '2026-02-17', 'ratio': 0.60498}, {'period': '2026-02-18', 'ratio': 0.51645}, {'period': '2026-02-19', 'ratio': 0.36705}, {'period': '2026-02-20', 'ratio': 0.249}, {'period': '2026-02-21', 'ratio': 46.39036}, {'period': '2026-02-22', 'ratio': 35.15751}, {'period': '2026-02-23', 'ratio': 21.07127}]",6.31
공주대,100.0,200.0,14.71,"[{'period': '2026-02-17', 'ratio': 1.1823}, {'period': '2026-02-18', 'ratio': 1.25977}, {'period': '2026-02-19', 'ratio': 2.49557}, {'period': '2026-02-20', 'ratio': 3.30714}, {'period': '2026-02-21', 'ratio': 1.69138}, {'period': '2026-02-22', 'ratio': 1.8334}, {'period': '2026-02-23', 'ratio': 2.94009}]",0.2
노보노디스크,200.0,200.0,26.79,"[{'period': '2026-02-17', 'ratio': 1.77807}, {'period': '2026-02-18', 'ratio': 2.45499}, {'period': '2026-02-19', 'ratio': 2.8202}, {'period': '2026-02-20', 'ratio': 2.74642}, {'period': '2026-02-21', 'ratio': 1.98649}, {'period': '2026-02-22', 'ratio': 0.89088}, {'period': '2026-02-23', 'ratio': 14.11022}]",1.18
에어로케이,2000.0,300.0,270.45,"[{'period': '2026-02-17', 'ratio': 17.44687}, {'period': '2026-02-18', 'ratio': 22.59111}, {'period': '2026-02-19', 'ratio': 100}, {'period': '2026-02-20', 'ratio': 40.46591}, {'period': '2026-02-21', 'ratio': 27.21336}, {'period': '2026-02-22', 'ratio': 29.90261}, {'period': '2026-02-23', 'ratio': 32.8261}]",-0.43
장학재단,500.0,200.0,2.97,"[{'period': '2026-02-17', 'ratio': 0.1457}, {'period': '2026-02-18', 'ratio': 0.17662}, {'period': '2026-02-19', 'ratio': 0.69483}, {'period': '2026-02-20', 'ratio': 0.6529}, {'period': '2026-02-21', 'ratio': 0.22954}, {'period': '2026-02-22', 'ratio': 0.2158}, {'period': '2026-02-23', 'ratio': 0.85084}]",0.06
동아대,200.0,100.0,7.92,"[{'period': '2026-02-17', 'ratio': 0.59311}, {'period': '2026-02-18', 'ratio': 0.61785}, {'period': '2026-02-19', 'ratio': 1.24396}, {'period': '2026-02-20', 'ratio': 2.01164}, {'period': '2026-02-21', 'ratio': 0.93537}, {'period': '2026-02-22', 'ratio': 0.77111}, {'period': '2026-02-23', 'ratio': 1.7491}]",0.12
달러 환율,200.0,75.0,465.4,"[{'period': '2026-02-17', 'ratio': 46.32344}, {'period': '2026-02-18', 'ratio': 54.71089}, {'period': '2026-02-19', 'ratio': 100}, {'period': '2026-02-20', 'ratio': 87.78032}, {'period': '2026-02-21', 'ratio': 46.52206}, {'period': '2026-02-22', 'ratio': 36.02606}, {'period': '2026-02-23', 'ratio': 94.03448}]",1.87
우리기술,100.0,300.0,242.38,"[{'period': '2026-02-17', 'ratio': 5.84042}, {'period': '2026-02-18', 'ratio': 7.91255}, {'period': '2026-02-19', 'ratio': 47.69248}, {'period': '2026-02-20', 'ratio': 69.6776}, {'period': '2026-02-21', 'ratio': 13.9028}, {'period': '2026-02-22', 'ratio': 13.5736}, {'period': '2026-02-23', 'ratio': 83.77834}]",7.55
주식,200.0,100.0,132.09,"[{'period': '2026-02-17', 'ratio': 7.13593}, {'period': '2026-02-18', 'ratio': 8.71184}, {'period': '2026-02-19', 'ratio': 34.14843}, {'period': '2026-02-20', 'ratio': 33.67559}, {'period': '2026-02-21', 'ratio': 9.43073}, {'period': '2026-02-22', 'ratio': 6.02118}, {'period': '2026-02-23', 'ratio': 32.97114}]",1.69
